{
  "id": "Melon Client",
  "jar": "1.8.9-OptiFine_HD_U_M5",
  "family": "1.8",
  "time": "2025-02-04T13:48:50.258Z",
  "releaseTime": "2015-12-03T09:24:39Z",
  "type": "release",
  "minecraftArguments": "--username ${auth_player_name} --version ${version_name} --gameDir ${game_directory} --assetsDir ${assets_root} --assetIndex ${assets_index_name} --uuid ${auth_uuid} --accessToken ${auth_access_token} --userProperties ${user_properties} --userType ${user_type} --tweakClass me.kaimson.melonclient.launch.MelonClientTweaker",
  "mainClass": "net.minecraft.launchwrapper.Launch",
  "minimumLauncherVersion": 14,
  "tlauncherVersion": 0,
  "libraries": [
    {
      "name": "melonclient:MelonClient:0.1-BETA"
    },
    {
      "name": "optifine:launchwrapper-of:2.2"
    },
    {
      "name": "optifine:OptiFine:1.8.9_HD_U_M5"
    },
    {
      "name": "com.mojang:netty:1.8.8"
    },
    {
      "name": "oshi-project:oshi-core:1.1"
    },
    {
      "name": "net.java.dev.jna:jna:3.4.0"
    },
    {
      "name": "net.java.dev.jna:platform:3.4.0"
    },
    {
      "name": "com.ibm.icu:icu4j-core-mojang:51.2"
    },
    {
      "name": "net.sf.jopt-simple:jopt-simple:4.6"
    },
    {
      "name": "com.paulscode:codecjorbis:20101023"
    },
    {
      "name": "com.paulscode:codecwav:20101023"
    },
    {
      "name": "com.paulscode:libraryjavasound:20101123"
    },
    {
      "name": "com.paulscode:librarylwjglopenal:20100824"
    },
    {
      "name": "com.paulscode:soundsystem:20120107"
    },
    {
      "name": "io.netty:netty-all:4.0.23.Final"
    },
    {
      "name": "com.google.guava:guava:17.0"
    },
    {
      "name": "org.apache.commons:commons-lang3:3.3.2"
    },
    {
      "name": "commons-io:commons-io:2.4"
    },
    {
      "name": "commons-codec:commons-codec:1.9"
    },
    {
      "name": "net.java.jinput:jinput:2.0.5"
    },
    {
      "name": "net.java.jutils:jutils:1.0.0"
    },
    {
      "name": "com.google.code.gson:gson:2.2.4"
    },
    {
      "name": "com.mojang:authlib:1.5.21"
    },
    {
      "name": "com.mojang:realms:1.7.59"
    },
    {
      "name": "org.apache.commons:commons-compress:1.8.1"
    },
    {
      "name": "org.apache.httpcomponents:httpclient:4.3.3"
    },
    {
      "name": "commons-logging:commons-logging:1.1.3"
    },
    {
      "name": "org.apache.httpcomponents:httpcore:4.3.2"
    },
    {
      "name": "org.apache.logging.log4j:log4j-api:2.0-beta9"
    },
    {
      "name": "org.apache.logging.log4j:log4j-core:2.0-beta9"
    },
    {
      "name": "org.lwjgl.lwjgl:lwjgl:2.9.4-nightly-20150209",
      "rules": [
        {
          "action": "allow"
        },
        {
          "action": "disallow",
          "os": {
            "name": "osx"
          }
        }
      ]
    },
    {
      "name": "org.lwjgl.lwjgl:lwjgl_util:2.9.4-nightly-20150209",
      "rules": [
        {
          "action": "allow"
        },
        {
          "action": "disallow",
          "os": {
            "name": "osx"
          }
        }
      ]
    },
    {
      "name": "org.lwjgl.lwjgl:lwjgl-platform:2.9.4-nightly-20150209",
      "rules": [
        {
          "action": "allow"
        },
        {
          "action": "disallow",
          "os": {
            "name": "osx"
          }
        }
      ],
      "natives": {
        "linux": "natives-linux",
        "osx": "natives-osx",
        "windows": "natives-windows"
      },
      "extract": {
        "exclude": [
          "META-INF/"
        ]
      }
    },
    {
      "name": "org.lwjgl.lwjgl:lwjgl:2.9.2-nightly-20140822",
      "rules": [
        {
          "action": "allow",
          "os": {
            "name": "osx"
          }
        }
      ]
    },
    {
      "name": "org.lwjgl.lwjgl:lwjgl_util:2.9.2-nightly-20140822",
      "rules": [
        {
          "action": "allow",
          "os": {
            "name": "osx"
          }
        }
      ]
    },
    {
      "name": "org.lwjgl.lwjgl:lwjgl-platform:2.9.2-nightly-20140822",
      "rules": [
        {
          "action": "allow",
          "os": {
            "name": "osx"
          }
        }
      ],
      "natives": {
        "linux": "natives-linux",
        "osx": "natives-osx",
        "windows": "natives-windows"
      },
      "extract": {
        "exclude": [
          "META-INF/"
        ]
      }
    },
    {
      "name": "net.java.jinput:jinput-platform:2.0.5",
      "natives": {
        "linux": "natives-linux",
        "osx": "natives-osx",
        "windows": "natives-windows"
      },
      "extract": {
        "exclude": [
          "META-INF/"
        ]
      }
    },
    {
      "name": "tv.twitch:twitch:6.5"
    },
    {
      "name": "tv.twitch:twitch-platform:6.5",
      "rules": [
        {
          "action": "allow"
        },
        {
          "action": "disallow",
          "os": {
            "name": "linux"
          }
        }
      ],
      "natives": {
        "linux": "natives-linux",
        "osx": "natives-osx",
        "windows": "natives-windows-${arch}"
      },
      "extract": {
        "exclude": [
          "META-INF/"
        ]
      }
    },
    {
      "name": "tv.twitch:twitch-external-platform:4.5",
      "rules": [
        {
          "action": "allow",
          "os": {
            "name": "windows"
          }
        }
      ],
      "natives": {
        "windows": "natives-windows-${arch}"
      },
      "extract": {
        "exclude": [
          "META-INF/"
        ]
      }
    }
  ],
  "downloads": {
    "client": {
      "url": "https://launcher.mojang.com/v1/objects/3870888a6c3d349d3771a3e9d16c9bf5e076b908/client.jar",
      "sha1": "3870888a6c3d349d3771a3e9d16c9bf5e076b908",
      "size": 8461484
    },
    "server": {
      "url": "https://launcher.mojang.com/v1/objects/b58b2ceb36e01bcd8dbf49c8fb66c55a9f0676cd/server.jar",
      "sha1": "b58b2ceb36e01bcd8dbf49c8fb66c55a9f0676cd",
      "size": 8320755
    },
    "windows_server": {
      "url": "https://launcher.mojang.com/v1/objects/5143618265b8a2d1d28bcadf206b7327738c2670/windows_server.exe",
      "sha1": "5143618265b8a2d1d28bcadf206b7327738c2670",
      "size": 8714995
    }
  },
  "assetIndex": {
    "totalSize": 114885064,
    "id": "1.8",
    "known": true,
    "url": "https://launchermeta.mojang.com/v1/packages/f6ad102bcaa53b1a58358f16e376d548d44933ec/1.8.json",
    "size": 78494
  },
  "assets": "1.8",
  "javaVersion": {
    "component": "jre-legacy",
    "majorVersion": 8
  },
  "logging": {
    "client": {
      "argument": "-Dlog4j.configurationFile\u003d${path}",
      "file": {
        "id": "client-1.7.xml",
        "url": "https://launcher.mojang.com/v1/objects/14fedd49897b3f6160975bdf3a53e1e7eab71d29/client-1.7.xml",
        "sha1": "14fedd49897b3f6160975bdf3a53e1e7eab71d29",
        "size": 962
      },
      "type": "log4j2-xml"
    }
  }
}